id,first_name,last_name,email,gender,date_registration,loan
1,Wald,Goddman,wgoddman0@tamu.edu,Male,11/30/2018,143101.092443
2,Wilbur,Briton,wbriton1@state.gov,Male,6/23/2018,571786.599688
3,Craggie,Saltman,csaltman2@auda.org.au,Male,4/29/2019,312820.747681
4,Delcine,Stonard,dstonard3@opera.com,Female,4/30/2019,253372.042169
5,Jere,Lewtey,jlewtey4@zimbio.com,Female,7/14/2018,523295.009021
6,Mose,Munsey,mmunsey5@archive.org,Male,8/23/2018,234568.976565
7,Anabella,Brennenstuhl,abrennenstuhl6@marriott.com,Female,8/30/2018,565867.642871
8,Hendrika,Gruszczak,hgruszczak7@bloglines.com,Female,7/5/2018,95620.974008
9,Leif,Faint,lfaint8@bluehost.com,Male,3/9/2019,950246.135804
10,Ebonee,Deniset,edeniset9@earthlink.net,Female,6/22/2018,547731.33695
11,Ulrick,Swyer-Sexey,uswyersexeya@arizona.edu,Male,5/11/2019,229834.434475
12,Winonah,Poundford,wpoundfordb@shinystat.com,Female,7/3/2018,91101.708151
13,Kevin,Ebbin,kebbinc@intel.com,Male,11/3/2018,920637.191507
14,Daven,Benkin,dbenkind@toplist.cz,Male,10/1/2018,584534.925939
15,Sheffield,Ault,saulte@twitpic.com,Male,8/12/2018,348703.662537
16,Ario,Gounet,agounetf@ibm.com,Male,4/16/2019,117054.291073
17,Eb,Stallworth,estallworthg@yale.edu,Male,9/19/2018,314096.111675
18,Wolfy,Salkeld,wsalkeldh@phpbb.com,Male,5/3/2019,27262.977302
19,Bart,MacBrearty,bmacbreartyi@odnoklassniki.ru,Male,3/27/2019,810977.760524
20,Trueman,MacLennan,tmaclennanj@tamu.edu,Male,7/18/2018,483922.544399
21,Abe,Medd,ameddk@si.edu,Male,1/26/2019,80601.127002
22,Tad,Conneely,tconneelyl@sina.com.cn,Male,5/16/2019,43877.602634
23,Osbourne,Coneybeare,oconeybearem@umn.edu,Male,6/28/2018,85113.509752
24,Kalil,Burnard,kburnardn@nsw.gov.au,Male,6/29/2018,496171.553431
25,Chicky,Godin,cgodino@goo.gl,Female,6/3/2018,613044.680326
26,Sutton,Wurz,swurzp@i2i.jp,Male,3/4/2019,500251.399966
27,Rafi,Stigger,rstiggerq@berkeley.edu,Male,2/8/2019,449066.331423
28,Vassily,Tayler,vtaylerr@redcross.org,Male,3/6/2019,599631.179201
29,Galvin,Bartak,gbartaks@friendfeed.com,Male,8/25/2018,816802.657577
30,Ferguson,Jovic,fjovict@newsvine.com,Male,7/9/2018,272817.277509
31,Uri,Biddle,ubiddleu@statcounter.com,Male,1/24/2019,842054.351311
32,Deidre,Rizzo,drizzov@bloomberg.com,Female,4/9/2019,543200.792799
33,Piggy,Karolewski,pkarolewskiw@skype.com,Male,4/6/2019,570659.645216
34,Krispin,Rengger,krenggerx@tripod.com,Male,1/20/2019,648902.464187
35,Tiffany,Strathdee,tstrathdeey@miitbeian.gov.cn,Female,7/16/2018,636982.829997
36,Trudy,Buffin,tbuffinz@pagesperso-orange.fr,Female,7/24/2018,63773.212925
37,Theodora,Salvadori,tsalvadori10@nydailynews.com,Female,11/2/2018,326320.452713
38,Derrick,Landsberg,dlandsberg11@is.gd,Male,9/6/2018,399770.526431
39,Hilario,Millery,hmillery12@arizona.edu,Male,7/31/2018,234890.248907
40,Adel,Filler,afiller13@fda.gov,Female,1/21/2019,822525.294375
41,Hillie,Skippon,hskippon14@nhs.uk,Male,10/9/2018,446335.381436
42,Conway,Cogman,ccogman15@example.com,Male,2/4/2019,682104.242247
43,Vladamir,Smedmoor,vsmedmoor16@ebay.co.uk,Male,7/29/2018,482112.770413
44,Brana,Grinyer,bgrinyer17@techcrunch.com,Female,2/1/2019,301923.318587
45,Worthington,Blannin,wblannin18@gmpg.org,Male,1/26/2019,492459.953487
46,Giulio,MacNally,gmacnally19@privacy.gov.au,Male,11/3/2018,965675.929161
47,Jessamine,Raitt,jraitt1a@shinystat.com,Female,8/3/2018,990098.745804
48,Cam,Brandle,cbrandle1b@nature.com,Female,4/13/2019,726174.270043
49,Zak,Puckham,zpuckham1c@ifeng.com,Male,2/10/2019,333231.028365
50,Emanuel,Lonsbrough,elonsbrough1d@geocities.jp,Male,8/30/2018,148662.693662
51,Rosana,Sheeran,rsheeran1e@microsoft.com,Female,3/28/2019,965526.602404
52,Arv,Hedworth,ahedworth1f@naver.com,Male,3/31/2019,250853.082306
53,Reena,Ricoald,rricoald1g@arstechnica.com,Female,3/4/2019,301058.165041
54,Christa,Grinikhinov,cgrinikhinov1h@ucla.edu,Female,7/28/2018,390209.278992
55,Palm,Gilvary,pgilvary1i@zdnet.com,Male,6/28/2018,911056.649034
56,Tim,Hauch,thauch1j@zdnet.com,Male,7/3/2018,127806.253633
57,Lisle,Reeme,lreeme1k@omniture.com,Male,3/8/2019,562118.824084
58,Arlene,Glasner,aglasner1l@wikia.com,Female,3/26/2019,62232.019808
59,Aldric,Shoosmith,ashoosmith1m@telegraph.co.uk,Male,12/21/2018,749578.471956
60,Elna,Doumic,edoumic1n@yandex.ru,Female,5/13/2019,475438.539567
61,Briney,Tours,btours1o@ed.gov,Female,6/27/2018,7800.423178
62,Hymie,Crossingham,hcrossingham1p@nba.com,Male,8/17/2018,757391.740975
63,Gigi,McFee,gmcfee1q@scribd.com,Female,8/7/2018,435340.207769
64,Savina,Brewins,sbrewins1r@delicious.com,Female,9/10/2018,408812.16209
65,Rutger,Busk,rbusk1s@deliciousdays.com,Male,3/23/2019,788748.811675
66,Frederigo,Spraging,fspraging1t@quantcast.com,Male,2/14/2019,690023.710702
67,Lenee,Elsay,lelsay1u@nytimes.com,Female,3/5/2019,635025.523413
68,Rhoda,Schwandt,rschwandt1v@apache.org,Female,3/12/2019,39883.809793
69,Nichols,Gaule,ngaule1w@mashable.com,Male,10/5/2018,13691.620916
70,Sidonia,Longmire,slongmire1x@studiopress.com,Female,1/7/2019,513431.979826
71,Ella,Rosenkrantz,erosenkrantz1y@archive.org,Female,4/8/2019,277491.455346
72,Claudine,Guiot,cguiot1z@weather.com,Female,8/7/2018,379334.102474
73,Reg,Osban,rosban20@unblog.fr,Male,4/25/2019,192115.969029
74,Rosabelle,Twigley,rtwigley21@ocn.ne.jp,Female,4/7/2019,66980.898367
75,Morgan,Yegorkin,myegorkin22@whitehouse.gov,Male,10/28/2018,953255.959701
76,Kipp,Prahm,kprahm23@godaddy.com,Male,2/19/2019,871117.214459
77,Isidro,Harman,iharman24@independent.co.uk,Male,6/27/2018,701581.893358
78,Orazio,Liffe,oliffe25@google.fr,Male,9/16/2018,396279.81654
79,Madlen,Busby,mbusby26@elegantthemes.com,Female,6/16/2018,885441.034206
80,Maegan,Kaaskooper,mkaaskooper27@networkadvertising.org,Female,8/5/2018,32982.120852
81,Lind,Huyhton,lhuyhton28@marriott.com,Female,6/14/2018,714292.227347
82,Lew,O'Scollain,loscollain29@bbc.co.uk,Male,7/2/2018,119454.584645
83,Inigo,Molder,imolder2a@ezinearticles.com,Male,7/4/2018,501703.663406
84,Kizzie,Rowbury,krowbury2b@washingtonpost.com,Female,2/1/2019,881648.540508
85,Abe,McMearty,amcmearty2c@imageshack.us,Male,4/16/2019,608236.07746
86,Bink,Jencey,bjencey2d@friendfeed.com,Male,3/14/2019,696584.129399
87,Cherye,De Micoli,cdemicoli2e@barnesandnoble.com,Female,9/16/2018,556520.219714
88,Maisey,Edinburgh,medinburgh2f@utexas.edu,Female,5/22/2019,1473.616319
89,Audy,Gideon,agideon2g@ycombinator.com,Female,4/19/2019,199452.548056
90,Valentino,Shurrocks,vshurrocks2h@51.la,Male,6/23/2018,995679.877978
91,Max,Krollman,mkrollman2i@istockphoto.com,Female,9/29/2018,867352.119457
92,Clyve,Thridgould,cthridgould2j@npr.org,Male,6/30/2018,716844.686266
93,Elias,Easeman,eeaseman2k@tmall.com,Male,8/16/2018,21132.452543
94,Nanette,Getch,ngetch2l@networkadvertising.org,Female,2/22/2019,528007.614198
95,Datha,Pirie,dpirie2m@hibu.com,Female,8/24/2018,936704.95662
96,Randy,Fidele,rfidele2n@ted.com,Male,3/5/2019,455806.096067
97,Everard,Aleksic,ealeksic2o@dagondesign.com,Male,7/16/2018,70364.242194
98,Raul,Pittford,rpittford2p@thetimes.co.uk,Male,1/25/2019,923371.684098
99,Lockwood,Haythornthwaite,lhaythornthwaite2q@gmpg.org,Male,8/6/2018,340655.354155
100,Dalt,Pentercost,dpentercost2r@google.com,Male,2/11/2019,634078.001882
